47.9692883;0.2168074;1 Cour Antoine Etex, 72100 Le Mans, France;1 COUR ANTOINE ETEX , 72000 Le Mans, France
47.9695459;0.2158812;56 Cour Antoine Etex, 72100 Le Mans, France;56 COUR ANTOINE ETEX , 72000 Le Mans, France
47.9676848;0.2178849;1 Allée du Béarn, 72100 Le Mans, France;1 ALLEE DU BEARN , 72000 Le Mans, France
47.9670781;0.217062;56 Allée du Béarn, 72100 Le Mans, France;56 ALLEE DU BEARN , 72000 Le Mans, France
47.9693537;0.217528;1 Rue de Bel air, 72100 Le Mans, France;1 RUE DE BEL AIR , 72000 Le Mans, France
47.9690435;0.2150449;56 Rue de Bel air, 72100 Le Mans, France;56 RUE DE BEL AIR , 72000 Le Mans, France
47.9664121;0.2175522;13 Rue Bob Wollek, 72100 Le Mans, France;13 RUE BOB WOLLEK , 72000 Le Mans, France
47.966219;0.2161801;56 Rue Bob Wollek, 72100 Le Mans, France;56 RUE BOB WOLLEK , 72000 Le Mans, France
47.9702592;0.2115694;1 Rue Bourdelle, 72100 Le Mans, France;1 RUE BOURDELLE , 72000 Le Mans, France
47.9707303;0.2130224;56 Rue Bourdelle, 72100 Le Mans, France;56 RUE BOURDELLE , 72000 Le Mans, France
47.9681099;0.2129072;15 Rue Camille Claudel, 72100 Le Mans, France;15 RUE CAMILLE CLAUDEL , 72000 Le Mans, France
47.9680031;0.2131079;56 Rue Camille Claudel, 72100 Le Mans, France;56 RUE CAMILLE CLAUDEL , 72000 Le Mans, France
47.9700289;0.2120565;1 Rue Carpeaux, 72100 Le Mans, France;1 RUE CARPEAUX , 72000 Le Mans, France
47.9704637;0.2124838;56 Rue Carpeaux, 72100 Le Mans, France;56 RUE CARPEAUX , 72000 Le Mans, France
47.9659462;0.2161106;1 Rue Christian Leon, 72100 Le Mans, France;1 RUE CHRISTIAN LEON , 72000 Le Mans, France
48.0157803;0.1609266;72000 Le Mans, France;9 RUE CHRISTIAN LEON , 72000 Le Mans, France
47.9706876;0.2161598;1 Rue Étienne Falconet, 72100 Le Mans, France;1 RUE ETIENNE FALCONET , 72000 Le Mans, France
47.9619559;0.214041;Rue Étienne Falconet, 72100 Le Mans, France;56 RUE ETIENNE FALCONET , 72000 Le Mans, France
47.9715495;0.2147921;10 Allée Fra Angelico, 72100 Le Mans, France;10 ALLEE FRA ANGELICO , 72000 Le Mans, France
47.9715874;0.2151699;9 Allée Fra Angelico, 72100 Le Mans, France;9 ALLEE FRA ANGELICO , 72000 Le Mans, France
47.9685733;0.2131266;15 Rue François Girardon, 72100 Le Mans, France;15 RUE FRANCOIS GIRARDON , 72000 Le Mans, France
47.9684208;0.213179;56 Rue François Girardon, 72100 Le Mans, France;56 RUE FRANCOIS GIRARDON , 72000 Le Mans, France
47.9706564;0.2110534;1 Rue François Rude, 72100 Le Mans, France;1 RUE FRANCOIS RUDE , 72000 Le Mans, France
47.97095;0.2115727;8 Rue François Rude, 72100 Le Mans, France;8 RUE FRANCOIS RUDE , 72000 Le Mans, France
47.9689077;0.213957;17 Allée Georges Braque, 72100 Le Mans, France;17 ALLEE GEORGES BRAQUE , 72000 Le Mans, France
47.969053;0.2138352;56 Allée Georges Braque, 72100 Le Mans, France;56 ALLEE GEORGES BRAQUE , 72000 Le Mans, France
47.9672871;0.2192863;412 Avenue Georges Durand, 72100 Le Mans, France;412 AVENUE GEORGES DURAND , 72000 Le Mans, France
47.980219;0.212185;56 Avenue Georges Durand, 72100 Le Mans, France;56 AVENUE GEORGES DURAND , 72000 Le Mans, France
47.971292;0.2152254;1 Boulevard des Glonnières, 72100 Le Mans, France;1 BOULEVARD DES GLONNIERES , 72000 Le Mans, France
47.9711893;0.2172137;78 Boulevard des Glonnières, 72100 Le Mans, France;78 BOULEVARD DES GLONNIERES , 72000 Le Mans, France
47.9693218;0.2117007;11 Rue Houdon, 72100 Le Mans, France;11 RUE HOUDON , 72000 Le Mans, France
47.9693331;0.2116679;56 Rue Houdon, 72100 Le Mans, France;56 RUE HOUDON , 72000 Le Mans, France
47.9692422;0.2129369;21 Rue Jean Baptiste Pigalle, 72100 Le Mans, France;21 RUE JEAN BAPTISTE PIGALLE , 72000 Le Mans, France
47.9690735;0.2148369;56 Rue Jean Baptiste Pigalle, 72100 Le Mans, France;56 RUE JEAN BAPTISTE PIGALLE , 72000 Le Mans, France
47.970228;0.211579;1 Rue Jean Goujon, 72100 Le Mans, France;1 RUE JEAN GOUJON , 72000 Le Mans, France
47.9693913;0.211017;56 Rue Jean Goujon, 72100 Le Mans, France;56 RUE JEAN GOUJON , 72000 Le Mans, France
47.9695514;0.2126724;1 Rue Maillol, 72100 Le Mans, France;1 RUE MAILLOL , 72000 Le Mans, France
47.9705189;0.2129637;56 Rue Maillol, 72100 Le Mans, France;56 RUE MAILLOL , 72000 Le Mans, France
47.9713532;0.2138859;1 Rue Michel Coulomb, 72100 Le Mans, France;1 RUE MICHEL COULOMB , 72000 Le Mans, France
47.9693546;0.2135225;56 Rue Michel Coulomb, 72100 Le Mans, France;56 RUE MICHEL COULOMB , 72000 Le Mans, France
48.0157803;0.1609266;72000 Le Mans, France;18 RUE NIKI DE SAINT PHALLE , 72000 Le Mans, France
48.0157803;0.1609266;72000 Le Mans, France;9 RUE NIKI DE SAINT PHALLE , 72000 Le Mans, France
47.9698623;0.2123373;1 Rue Pierre Puget, 72100 Le Mans, France;1 RUE PIERRE PUGET , 72000 Le Mans, France
47.9698986;0.2122742;56 Rue Pierre Puget, 72100 Le Mans, France;56 RUE PIERRE PUGET , 72000 Le Mans, France
47.9695412;0.2126334;34 Avenue Rodin, 72100 Le Mans, France;34 AVENUE RODIN , 72000 Le Mans, France
47.9702552;0.2115812;7 Avenue Rodin, 72100 Le Mans, France;7 AVENUE RODIN , 72000 Le Mans, France
47.9677839;0.2177708;12 Chemin du Vert Galant, 72100 Le Mans, France;12 CHEMIN DU VERT GALANT , 72000 Le Mans, France
47.9674437;0.2186858;9 Chemin du Vert Galant, 72100 Le Mans, France;9 CHEMIN DU VERT GALANT , 72000 Le Mans, France
