48.0192506;0.1580081;1 Rue Aristote, 72000 Le Mans, France;1 RUE ARISTOTE , 72000 Le Mans, France
48.0192506;0.1580081;97 Rue Aristote, 72000 Le Mans, France;97 RUE ARISTOTE , 72000 Le Mans, France
48.0217853;0.1530206;1 Rue Arletty, 72000 Le Mans, France;1 RUE ARLETTY , 72000 Le Mans, France
48.0214568;0.1510577;97 Rue Arletty, 72000 Le Mans, France;97 RUE ARLETTY , 72000 Le Mans, France
48.018707;0.1760713;Rue Averroes, 72100 Le Mans, France;97 RUE AVERROES , 72000 Le Mans, France
48.018707;0.1760713;Rue Averroes, 72100 Le Mans, France;97 RUE AVERROES , 72000 Le Mans, France
48.0209962;0.1568939;20 Rue Barbara, 72000 Le Mans, France;20 RUE BARBARA , 72000 Le Mans, France
48.0208226;0.156734;97 Rue Barbara, 72000 Le Mans, France;97 RUE BARBARA , 72000 Le Mans, France
48.0206087;0.1453464;36 Chemin Champ Fleury, 72000 Le Mans, France;36 CHEMIN DE CHAMPFLEURY , 72000 Le Mans, France
48.0245988;0.1441907;Chemin Champ Fleury, 72000 Le Mans, France;999 CHEMIN DE CHAMPFLEURY , 72000 Le Mans, France
48.0204299;0.1608922;1 Rue Charles Fabry, 72000 Le Mans, France;1 RUE CHARLES FABRY , 72000 Le Mans, France
48.0203046;0.1613959;97 Rue Charles Fabry, 72000 Le Mans, France;97 RUE CHARLES FABRY , 72000 Le Mans, France
48.0157803;0.1609266;72000 Le Mans, France;1 RUE CHRISTIANE DESROCHES-NOBLECOURT , 72000 Le Mans, France
48.0157803;0.1609266;72000 Le Mans, France;97 RUE CHRISTIANE DESROCHES-NOBLECOURT , 72000 Le Mans, France
48.0212728;0.1628372;1 Rue Claude Bernard, 72000 Le Mans, France;1 RUE CLAUDE BERNARD , 72000 Le Mans, France
48.0220501;0.1650056;97 Rue Claude Bernard, 72000 Le Mans, France;97 RUE CLAUDE BERNARD , 72000 Le Mans, France
48.0157803;0.1609266;72000 Le Mans, France;97 CHEMIN DE COUVELOUP , 72000 Le Mans, France
48.0157803;0.1609266;72000 Le Mans, France;97 CHEMIN DE COUVELOUP , 72000 Le Mans, France
48.023244;0.165635;Route de Degré, 72000 Le Mans, France;97 ROUTE DE DEGRE , 72000 Le Mans, France
48.023244;0.165635;Route de Degré, 72000 Le Mans, France;97 ROUTE DE DEGRE , 72000 Le Mans, France
48.0157803;0.1609266;72000 Le Mans, France;1 RUE DESIRE BOURNEVILLE , 72000 Le Mans, France
48.0157803;0.1609266;72000 Le Mans, France;97 RUE DESIRE BOURNEVILLE , 72000 Le Mans, France
48.021117;0.1603781;1 Rue Edith Piaf, 72000 Le Mans, France;1 RUE EDITH PIAF , 72000 Le Mans, France
48.0208005;0.1567109;97 Rue Edith Piaf, 72000 Le Mans, France;97 RUE EDITH PIAF , 72000 Le Mans, France
48.0207538;0.1669738;3 Rue Epicure, 72000 Le Mans, France;3 RUE EPICURE , 72000 Le Mans, France
48.0209532;0.166567;97 Rue Epicure, 72000 Le Mans, France;97 RUE EPICURE , 72000 Le Mans, France
48.0195573;0.1659025;4 Cour Étienne Jules Marey, 72000 Mans Le, France;4 COUR ETIENNE JULES MAREY , 72000 Le Mans, France
48.02011;0.1662221;97 Cour Étienne Jules Marey, 72000 Le Mans, France;97 COUR ETIENNE JULES MAREY , 72000 Le Mans, France
48.0170612;0.1651139;Rue Euclide, 72000 Le Mans, France;97 RUE EUCLIDE , 72000 Le Mans, France
48.0170612;0.1651139;Rue Euclide, 72000 Le Mans, France;97 RUE EUCLIDE , 72000 Le Mans, France
48.0220516;0.1526395;Chemin de la Foresterie, 72000 Le Mans, France;21 RUE DE LA FORESTERIE , 72000 Le Mans, France
48.0220516;0.1526395;Chemin de la Foresterie, 72000 Le Mans, France;97 RUE DE LA FORESTERIE , 72000 Le Mans, France
48.0107001;0.1710992;Boulevard du Général Patton, 72000 Le Mans, France;97 BOULEVARD DU GENERAL PATTON , 72000 Le Mans, France
48.0107001;0.1710992;Boulevard du Général Patton, 72000 Le Mans, France;97 BOULEVARD DU GENERAL PATTON , 72000 Le Mans, France
48.0310876;0.1404697;Chemin de la Grande Ligne, 72650 La Chapelle-Saint-Aubin, France;31 CHEMIN DE LA GRANDE LIGNE , 72000 Le Mans, France
48.0310876;0.1404697;Chemin de la Grande Ligne, 72650 La Chapelle-Saint-Aubin, France;97 CHEMIN DE LA GRANDE LIGNE , 72000 Le Mans, France
48.0213744;0.1639819;3 Cour Guillaume Dupuytren, 72000 Le Mans, France;3 COURS GUILLAUME DUPUYTREN , 72000 Le Mans, France
48.0210521;0.1637295;97 Cour Guillaume Dupuytren, 72000 Le Mans, France;97 COURS GUILLAUME DUPUYTREN , 72000 Le Mans, France
48.0193238;0.167693;Avenue Henri Pierre Klotz, 72000 Le Mans, France;3 AVENUE HENRI PIERRE KLOTZ , 72000 Le Mans, France
48.0193238;0.167693;Avenue Henri Pierre Klotz, 72000 Le Mans, France;97 AVENUE HENRI PIERRE KLOTZ , 72000 Le Mans, France
48.0157803;0.1609266;72000 Le Mans, France;14 RUE JACQUELINE DE ROMILLY , 72000 Le Mans, France
48.0157803;0.1609266;72000 Le Mans, France;97 RUE JACQUELINE DE ROMILLY , 72000 Le Mans, France
48.0226232;0.1644277;1 Rue Lamarck, 72000 Le Mans, France;1 RUE LAMARCK , 72000 Le Mans, France
48.0212106;0.1618703;97 Rue Lamarck, 72000 Le Mans, France;97 RUE LAMARCK , 72000 Le Mans, France
48.0231058;0.1595472;1 Rue Léo Ferré, 72000 Le Mans, France;1 RUE LEO FERRE , 72000 Le Mans, France
48.0227985;0.1565771;97 Rue Léo Ferré, 72000 Le Mans, France;97 RUE LEO FERRE , 72000 Le Mans, France
48.0180692;0.1458863;Rue Louis de Broglie, 72000 Le Mans, France;26 RUE LOUIS DE BROGLIE , 72000 Le Mans, France
48.0180692;0.1458863;Rue Louis de Broglie, 72000 Le Mans, France;97 RUE LOUIS DE BROGLIE , 72000 Le Mans, France
48.0223053;0.1538127;1 Rue Madeleine Renaud, 72000 Le Mans, France;1 RUE MADELEINE RENAUD , 72000 Le Mans, France
48.021425;0.1510676;97 Rue Madeleine Renaud, 72000 Le Mans, France;97 RUE MADELEINE RENAUD , 72000 Le Mans, France
48.0198657;0.1456152;1 Rue Marcelle et Bernard Devilliers, 72000 Le Mans, France;1 RUE MARCELLE ET BERNARD DEVILLIERS , 72000 Le Mans, France
48.0198657;0.1456152;97 Rue Marcelle et Bernard Devilliers, 72000 Le Mans, France;97 RUE MARCELLE ET BERNARD DEVILLIERS , 72000 Le Mans, France
48.0205763;0.1486599;1 Rue Marguerite Perey, 72000 Le Mans, France;1 RUE MARGUERITE PEREY , 72000 Le Mans, France
48.0205763;0.1486599;97 Rue Marguerite Perey, 72000 Le Mans, France;97 RUE MARGUERITE PEREY , 72000 Le Mans, France
48.0157803;0.1609266;72000 Le Mans, France;97 ALLEE MARTIAL VIVET , 72000 Le Mans, France
48.0157803;0.1609266;72000 Le Mans, France;97 ALLEE MARTIAL VIVET , 72000 Le Mans, France
48.0157803;0.1609266;72000 Le Mans, France;97 RUE NANCY WAKE , 72000 Le Mans, France
48.0157803;0.1609266;72000 Le Mans, France;97 RUE NANCY WAKE , 72000 Le Mans, France
48.0213677;0.1672968;28 Rue Réaumur, 72000 Le Mans, France;28 RUE REAUMUR , 72000 Le Mans, France
48.021568;0.1677148;97 Rue Réaumur, 72000 Le Mans, France;97 RUE REAUMUR , 72000 Le Mans, France
48.0185995;0.161475;13 Avenue René Laennec, 72000 Le Mans, France;13 AVENUE RENE LAENNEC , 72000 Le Mans, France
48.018141;0.161487;97 Avenue René Laennec, 72000 Le Mans, France;97 AVENUE RENE LAENNEC , 72000 Le Mans, France
48.0269784;0.1439143;26 Chemin Robin des Bois, 72000 Le Mans, France;26 CHEMIN DE ROBIN DES BOIS , 72000 Le Mans, France
48.0269784;0.1439143;97 Chemin Robin des Bois, 72000 Le Mans, France;97 CHEMIN DE ROBIN DES BOIS , 72000 Le Mans, France
48.0186179;0.1612206;19 Rue de Thalès de Milet, 72000 Le Mans, France;19 RUE THALES DE MILET , 72000 Le Mans, France
48.0186179;0.1612206;97 Rue de Thalès de Milet, 72000 Le Mans, France;97 RUE THALES DE MILET , 72000 Le Mans, France
48.0212006;0.1628361;1 Rue Xavier Bichat, 72000 Le Mans, France;1 RUE XAVIER BICHAT , 72000 Le Mans, France
48.0220265;0.1650204;97 Rue Xavier Bichat, 72000 Le Mans, France;97 RUE XAVIER BICHAT , 72000 Le Mans, France
48.0232881;0.1610603;18 Rue Yves Montand, 72000 Le Mans, France;18 RUE YVES MONTAND , 72000 Le Mans, France
48.0232768;0.161543;97 Rue Yves Montand, 72000 Le Mans, France;97 RUE YVES MONTAND , 72000 Le Mans, France
