47.9953043;0.1880376;4 Passage d'Andromède, 72100 Le Mans, France;4 PROMENADE D' ANDROMEDE , 72000 Le Mans, France
47.9953177;0.1876543;Promenade d'Andromède, 72100 Le Mans, France;46 PROMENADE D' ANDROMEDE , 72000 Le Mans, France
48.0157803;0.1609266;72000 Le Mans, France;46 PLACE ARISTE JACQUES TROUVE CHAUVEL , 72000 Le Mans, France
48.0157803;0.1609266;72000 Le Mans, France;46 PLACE ARISTE JACQUES TROUVE CHAUVEL , 72000 Le Mans, France
48.0157803;0.1609266;72000 Le Mans, France;13 RUE DE L' AUSTRALIE , 72000 Le Mans, France
48.0157803;0.1609266;72000 Le Mans, France;83 RUE DE L' AUSTRALIE , 72000 Le Mans, France
47.9980246;0.1982321;46 Rue du Bourg Belé, 72000 Mans (Le), France;46 PONT DU BOURG BELE , 72000 Le Mans, France
47.9980246;0.1982321;46 Rue du Bourg Belé, 72000 Mans (Le), France;46 PONT DU BOURG BELE , 72000 Le Mans, France
47.9938514;0.1932249;34 Rue Charcot, 72100 Le Mans, France;34 RUE CHARCOT , 72000 Le Mans, France
47.993941;0.1914684;5 Rue Charcot, 72100 Le Mans, France;5 RUE CHARCOT , 72000 Le Mans, France
47.9948428;0.1818889;1 Rue de Clarence, 72100 Le Mans, France;1 RUE DE CLARENCE , 72000 Le Mans, France
47.9943314;0.1814898;Rue de Clarence, 72100 Le Mans, France;46 RUE DE CLARENCE , 72000 Le Mans, France
47.9935639;0.1832412;200 Boulevard Demorieux, 72100 Le Mans, France;200 BOULEVARD DEMORIEUX , 72000 Le Mans, France
47.9797183;0.1743643;Boulevard Demorieux, 72100 Le Mans, France;57 BOULEVARD DEMORIEUX , 72000 Le Mans, France
47.9935934;0.1908373;10 Rue Etoc Demazy, 72100 Le Mans, France;10 RUE ETOC DEMAZY , 72000 Le Mans, France
47.9942738;0.1910466;7 Rue Etoc Demazy, 72100 Le Mans, France;7 RUE ETOC DEMAZY , 72000 Le Mans, France
47.9956339;0.1877717;Allée des Gémeaux, 72100 Le Mans, France;2 ALLEE DES GEMEAUX , 72000 Le Mans, France
47.9956339;0.1877717;Allée des Gémeaux, 72100 Le Mans, France;9 ALLEE DES GEMEAUX , 72000 Le Mans, France
47.9925186;0.1910458;1 Place du Gue de Maulny, 72019 Le Mans, France;1 PLACE DU GUE DE MAULNY , 72000 Le Mans, France
47.992293;0.1906868;Place du Gue de Maulny, 72100 Le Mans, France;6 PLACE DU GUE DE MAULNY , 72000 Le Mans, France
47.9925797;0.1887195;25 Impasse Jean Duclos, 72100 Le Mans, France;25 IMPASSE JEAN DUCLOS , 72000 Le Mans, France
47.9927488;0.189248;6 Impasse Jean Duclos, 72100 Le Mans, France;6 IMPASSE JEAN DUCLOS , 72000 Le Mans, France
47.9915974;0.1923815;1 Impasse Jean Macé, 72100 Le Mans, France;1 IMPASSE JEAN MACE , 72000 Le Mans, France
47.9914769;0.1919701;9 Impasse Jean Macé, 72100 Le Mans, France;9 IMPASSE JEAN MACE , 72000 Le Mans, France
47.9923669;0.1921314;1 Rue Jean Macé, 72100 Le Mans, France;1 RUE JEAN MACE , 72000 Le Mans, France
47.9906675;0.1937465;49 Rue Jean Macé, 72100 Le Mans, France;49 RUE JEAN MACE , 72000 Le Mans, France
47.9942184;0.1926633;46 Boulevard Marie et Alexandre Oyon, 72100 Le Mans, France;46 BOULEVARD MARIE ET ALEXANDRE OYON , 72000 Le Mans, France
47.9943275;0.1927269;83 Boulevard Marie et Alexandre Oyon, 72000 Mans (Le), France;83 BOULEVARD MARIE ET ALEXANDRE OYON , 72000 Le Mans, France
48.0157803;0.1609266;72000 Le Mans, France;12 RUELLE DES MOULINS DU GUE DE MAULNY , 72000 Le Mans, France
48.0157803;0.1609266;72000 Le Mans, France;7 RUELLE DES MOULINS DU GUE DE MAULNY , 72000 Le Mans, France
47.9940098;0.1861841;46 Rue Pierre-Félix Delarue, 72100 Le Mans, France;46 RUE PIERRE-FELIX DELARUE , 72000 Le Mans, France
47.9940098;0.1861841;46 Rue Pierre-Félix Delarue, 72100 Le Mans, France;46 RUE PIERRE-FELIX DELARUE , 72000 Le Mans, France
47.9951667;0.1845656;10 Rue de Portland, 72100 Le Mans, France;10 RUE DE PORTLAND , 72000 Le Mans, France
47.995124;0.1843096;Rue de Portland, 72100 Le Mans, France;46 RUE DE PORTLAND , 72000 Le Mans, France
47.9936028;0.1810075;45 Rue des Sables d'Or, 72100 Le Mans, France;45 RUE DES SABLES D'OR , 72000 Le Mans, France
47.9934807;0.1823363;8 Rue des Sables d'Or, 72100 Le Mans, France;8 RUE DES SABLES D'OR , 72000 Le Mans, France
47.9926938;0.1921094;46 Rue Sagebien, 72100 Le Mans, France;46 RUE SAGEBIEN , 72000 Le Mans, France
47.9916833;0.1918493;72 Rue Sagebien, 72100 Le Mans, France;72 RUE SAGEBIEN , 72000 Le Mans, France
48.0157803;0.1609266;72000 Le Mans, France;46 ALLEE DU SAGITTAIRE , 72000 Le Mans, France
48.0157803;0.1609266;72000 Le Mans, France;46 ALLEE DU SAGITTAIRE , 72000 Le Mans, France
47.9941409;0.1850091;1 Rue de Sydney, 72100 Le Mans, France;1 RUE DE SYDNEY , 72000 Le Mans, France
47.9955173;0.1860493;Rue de Sydney, 72100 Le Mans, France;46 RUE DE SYDNEY , 72000 Le Mans, France
47.9929877;0.1852777;Rue Thérèse Bertrand Fontaine, 72100 Le Mans, France;2 RUE THERESE BERTRAND-FONTAINE , 72000 Le Mans, France
47.9929877;0.1852777;Rue Thérèse Bertrand Fontaine, 72100 Le Mans, France;46 RUE THERESE BERTRAND-FONTAINE , 72000 Le Mans, France
47.9933046;0.1908977;1 Rue Thierry de Martel, 72100 Le Mans, France;1 RUE THIERRY DE MARTEL , 72000 Le Mans, France
47.9932311;0.1925527;46 Rue Thierry de Martel, 72100 Le Mans, France;46 RUE THIERRY DE MARTEL , 72000 Le Mans, France
47.9939094;0.181995;34 Rue Victoria, 72100 Le Mans, France;34 RUE VICTORIA , 72000 Le Mans, France
47.9944812;0.1830787;5 Rue Victoria, 72100 Le Mans, France;5 RUE VICTORIA , 72000 Le Mans, France
47.9951299;0.1888918;2 Rue de la Voie Lactée, 72100 Le Mans, France;2 RUE DE LA VOIE LACTEE , 72000 Le Mans, France
47.9951299;0.1888918;46 Rue de la Voie Lactée, 72100 Le Mans, France;46 RUE DE LA VOIE LACTEE , 72000 Le Mans, France
