47.9776094;0.2299169;1 Rue des Balsamines, 72100 Le Mans, France;1 RUE DES BALSAMINES , 72000 Le Mans, France
47.9749827;0.2252161;78 Rue des Balsamines, 72100 Le Mans, France;78 RUE DES BALSAMINES , 72000 Le Mans, France
47.9764647;0.2314561;1 Rue des Bégonias, 72100 Le Mans, France;1 RUE DES BEGONIAS , 72000 Le Mans, France
47.9760158;0.2293043;61 Rue des Bégonias, 72100 Le Mans, France;61 RUE DES BEGONIAS , 72000 Le Mans, France
48.0157803;0.1609266;72000 Le Mans, France;1 RUE BERTHE MORISOT , 72000 Le Mans, France
48.0157803;0.1609266;72000 Le Mans, France;61 RUE BERTHE MORISOT , 72000 Le Mans, France
47.9761499;0.2287253;1 Cours Charles Delescluze, 72100 Le Mans, France;1 COURS CHARLES DELESCLUZE , 72000 Le Mans, France
47.9768614;0.2285584;61 Cours Charles Delescluze, 72100 Le Mans, France;61 COURS CHARLES DELESCLUZE , 72000 Le Mans, France
47.9767957;0.2257589;29 Rue Claude Monet, 72100 Le Mans, France;29 RUE CLAUDE MONET , 72000 Le Mans, France
47.9763895;0.2248078;80 Rue Claude Monet, 72100 Le Mans, France;80 RUE CLAUDE MONET , 72000 Le Mans, France
47.9772976;0.2305655;1 Rue des Digitales, 72100 Le Mans, France;1 RUE DES DIGITALES , 72000 Le Mans, France
47.9768891;0.2305527;8 Rue des Digitales, 72100 Le Mans, France;8 RUE DES DIGITALES , 72000 Le Mans, France
47.9743378;0.2289934;16 Rue du Docteur Édouard Vaillant, 72100 Le Mans, France;16 RUE DU DOCTEUR EDOUARD VAILLANT , 72000 Le Mans, France
47.9744294;0.2291179;61 Rue du Docteur Édouard Vaillant, 72100 Le Mans, France;61 RUE DU DOCTEUR EDOUARD VAILLANT , 72000 Le Mans, France
47.9826614;0.2124418;1 Avenue du Docteur Jean Mac, 72100 Le Mans, France;1 AVENUE DU DOCTEUR JEAN MAC , 72000 Le Mans, France
47.9821974;0.2143896;61 Avenue du Docteur Jean Mac, 72100 Le Mans, France;61 AVENUE DU DOCTEUR JEAN MAC , 72000 Le Mans, France
48.0157803;0.1609266;72000 Le Mans, France;61 CHEMIN DES ETANGS CHAUDS , 72000 Le Mans, France
48.0157803;0.1609266;72000 Le Mans, France;61 CHEMIN DES ETANGS CHAUDS , 72000 Le Mans, France
48.0157803;0.1609266;72000 Le Mans, France;61 PLACE DES EUCALYPTUS , 72000 Le Mans, France
48.0157803;0.1609266;72000 Le Mans, France;61 PLACE DES EUCALYPTUS , 72000 Le Mans, France
47.9730899;0.2307342;11 Rue Eugène Pottier, 72100 Le Mans, France;11 RUE EUGENE POTTIER , 72000 Le Mans, France
47.9730686;0.2304633;61 Rue Eugène Pottier, 72100 Le Mans, France;61 RUE EUGENE POTTIER , 72000 Le Mans, France
47.9747078;0.2279641;1 Rue Eugène Varlin, 72100 Le Mans, France;1 RUE EUGENE VARLIN , 72000 Le Mans, France
47.9743319;0.2276721;8 Rue Eugène Varlin, 72100 Le Mans, France;8 RUE EUGENE VARLIN , 72000 Le Mans, France
47.9744192;0.2298041;3 Rue Félix Pyat, 72100 Le Mans, France;3 RUE FELIX PYAT , 72000 Le Mans, France
47.9744455;0.2299759;61 Rue Félix Pyat, 72100 Le Mans, France;61 RUE FELIX PYAT , 72000 Le Mans, France
48.0157803;0.1609266;72000 Le Mans, France;61 RUE DU FOUILLET , 72000 Le Mans, France
48.0157803;0.1609266;72000 Le Mans, France;61 RUE DU FOUILLET , 72000 Le Mans, France
47.9755645;0.2255369;20 Allée Jean Honoré Fragonard, 72100 Le Mans, France;20 ALLEE JEAN HONORE FRAGONARD , 72000 Le Mans, France
47.9750245;0.2256956;61 Allée Jean Honoré Fragonard, 72100 Le Mans, France;61 ALLEE JEAN HONORE FRAGONARD , 72000 Le Mans, France
47.9759267;0.2277217;16 Allée Josette Guy, 72100 Le Mans, France;16 ALLEE JOSETTE GUY , 72000 Le Mans, France
47.9759455;0.2276977;61 Allée Josette Guy, 72100 Le Mans, France;61 ALLEE JOSETTE GUY , 72000 Le Mans, France
47.9767268;0.2320827;1 Allée de Limoges, 72100 Le Mans, France;1 ALLEE DE LIMOGES , 72000 Le Mans, France
47.9766162;0.2331166;61 Allée de Limoges, 72100 Le Mans, France;61 ALLEE DE LIMOGES , 72000 Le Mans, France
47.9764263;0.2320138;1 Rue de Limoges, 72100 Le Mans, France;1 RUE DE LIMOGES , 72000 Le Mans, France
47.9755947;0.2337257;61 Rue de Limoges, 72100 Le Mans, France;61 RUE DE LIMOGES , 72000 Le Mans, France
47.974996;0.2258791;21 Rue Louise Michel, 72100 Le Mans, France;21 RUE LOUISE MICHEL , 72000 Le Mans, France
47.974996;0.2258791;61 Rue Louise Michel, 72100 Le Mans, France;61 RUE LOUISE MICHEL , 72000 Le Mans, France
47.9770297;0.2322626;1 Rue de Lyon, 72100 Le Mans, France;1 RUE DE LYON , 72000 Le Mans, France
47.9749713;0.2325419;61 Rue de Lyon, 72100 Le Mans, France;61 RUE DE LYON , 72000 Le Mans, France
48.0157803;0.1609266;72000 Le Mans, France;61 SQUARE MARCEL PAUL , 72000 Le Mans, France
48.0157803;0.1609266;72000 Le Mans, France;61 SQUARE MARCEL PAUL , 72000 Le Mans, France
47.9767543;0.2261073;1 Allée Maurice Chaumont, 72100 Le Mans, France;1 ALLEE MAURICE CHAUMONT , 72000 Le Mans, France
47.9758965;0.2265045;61 Allée Maurice Chaumont, 72100 Le Mans, France;61 ALLEE MAURICE CHAUMONT , 72000 Le Mans, France
47.9747813;0.2287883;21 Rue de Nancy, 72100 Le Mans, France;21 RUE DE NANCY , 72000 Le Mans, France
47.9747813;0.2287883;61 Rue de Nancy, 72100 Le Mans, France;61 RUE DE NANCY , 72000 Le Mans, France
47.9758057;0.2289728;1 Cour Paschal Grousset, 72100 Le Mans, France;1 COURS PASCHAL GROUSSET , 72000 Le Mans, France
47.9759782;0.2288459;61 Cour Paschal Grousset, 72100 Le Mans, France;61 COURS PASCHAL GROUSSET , 72000 Le Mans, France
48.0157803;0.1609266;72000 Le Mans, France;19 RUE PAULA BARBELLION , 72000 Le Mans, France
48.0157803;0.1609266;72000 Le Mans, France;61 RUE PAULA BARBELLION , 72000 Le Mans, France
48.0157803;0.1609266;72000 Le Mans, France;61 ROUTE RD 323 , 72000 Le Mans, France
48.0157803;0.1609266;72000 Le Mans, France;61 ROUTE RD 323 , 72000 Le Mans, France
48.0157803;0.1609266;72000 Le Mans, France;1 RUE DES ZINNIAS , 72000 Le Mans, France
48.0157803;0.1609266;72000 Le Mans, France;61 RUE DES ZINNIAS , 72000 Le Mans, France
